timestamp,0xEFCF86D7_temperature (degrees C),0xEFCF86D7_humidity (% rH),0xF030D0CF_temperature (degrees C),0xF030D0CF_humidity (% rH),0xF030D05B_temperature (degrees C),0xF030D05B_humidity (% rH)
15703,20.1,46.87,,,,
15773,,,20.05,46.6,,
15913,,,,,20.59,45.54
16764,20.09,46.79,,,,
16835,,,20.05,46.55,,
16974,,,,,20.62,45.42
17826,20.13,46.73,,,,
17897,,,20.07,46.49,,
18036,,,,,20.64,45.33
18888,20.19,46.6,,,,
18959,,,20.09,46.45,,
19098,,,,,20.68,45.21
19950,20.21,46.53,,,,
20021,,,20.12,46.36,,
20160,,,,,20.71,45.11
21012,20.23,46.43,,,,
21083,,,20.12,46.33,,
21223,,,,,20.74,45.07
22074,20.27,46.36,,,,
22145,,,20.14,46.3,,
22284,,,,,20.78,44.99
23136,20.26,46.31,,,,
23207,,,20.17,46.25,,
23346,,,,,20.78,44.94
24198,20.28,46.21,,,,
24268,,,20.19,46.18,,
24408,,,,,20.82,44.82
25260,20.33,46.15,,,,
25330,,,20.21,46.11,,
25470,,,,,20.86,44.74
26321,20.31,46.07,,,,
26392,,,20.22,46.08,,
26532,,,,,20.89,44.66
27383,20.31,45.98,,,,
27454,,,20.2,46.0,,
27594,,,,,20.92,44.57
28445,20.37,45.93,,,,
28516,,,20.23,45.98,,
28656,,,,,20.95,44.49
29507,20.37,45.83,,,,
29578,,,20.23,45.9,,
29718,,,,,20.98,44.36
30569,20.42,45.8,,,,
30639,,,20.24,45.87,,
30779,,,,,20.98,44.3
31631,20.44,45.74,,,,
31701,,,20.24,45.88,,
31841,,,,,21.04,44.22
32693,20.44,45.68,,,,
32763,,,20.28,45.85,,
32903,,,,,21.04,44.17
33754,20.48,45.6,,,,
33825,,,20.28,45.76,,
33965,,,,,21.09,44.07
34816,20.48,45.56,,,,
34887,,,20.33,45.75,,
35027,,,,,21.11,44.02
35878,20.54,45.48,,,,
35949,,,20.35,45.67,,
36089,,,,,21.1,43.97
36940,20.57,45.42,,,,
37011,,,20.39,45.59,,
37151,,,,,21.15,43.83
38002,20.56,45.33,,,,
38072,,,20.4,45.56,,
38213,,,,,21.18,43.81
39064,20.6,45.24,,,,
39134,,,20.4,45.48,,
39275,,,,,21.23,43.69
40125,20.58,45.18,,,,
40196,,,20.4,45.39,,
40337,,,,,21.22,43.61
41187,20.56,45.15,,,,
41258,,,20.42,45.35,,
41398,,,,,21.27,43.57
42249,20.5,45.13,,,,
42320,,,20.39,45.34,,
42460,,,,,21.29,43.44
43311,20.53,45.09,,,,
43381,,,20.39,45.31,,
43522,,,,,21.32,43.39
44373,20.49,45.12,,,,
44444,,,20.36,45.3,,
44584,,,,,21.33,43.36
45434,20.52,45.16,,,,
45506,,,20.36,45.29,,
45646,,,,,21.34,43.26
46496,20.52,45.2,,,,
46568,,,20.37,45.32,,
46708,,,,,21.34,43.25
47558,20.55,45.13,,,,
47630,,,20.37,45.34,,
47770,,,,,21.38,43.23
48620,20.56,45.15,,,,
48692,,,20.39,45.35,,
48832,,,,,21.41,43.15
49682,20.6,45.13,,,,
49754,,,20.4,45.32,,
49894,,,,,21.44,43.1
50744,20.62,45.14,,,,
50815,,,20.38,45.34,,
50956,,,,,21.44,43.08
51806,20.59,45.1,,,,
51877,,,20.42,45.34,,
52018,,,,,21.46,43.01
52868,20.6,45.09,,,,
52939,,,20.44,45.31,,
53080,,,,,21.48,42.98
53930,20.6,45.1,,,,
54001,,,20.44,45.34,,
54142,,,,,21.48,42.96
54992,20.63,45.09,,,,
55063,,,20.43,45.34,,
55204,,,,,21.52,42.94
56054,20.65,45.13,,,,
56125,,,20.43,45.35,,
56266,,,,,21.53,42.94
57115,20.62,45.08,,,,
57187,,,20.44,45.33,,
57327,,,,,21.52,42.87
58177,20.58,45.08,,,,
58249,,,20.43,45.35,,
58389,,,,,21.54,42.87
59239,20.57,45.04,,,,
59311,,,20.43,45.35,,
59451,,,,,21.58,42.85
60301,20.59,45.13,,,,
60372,,,20.45,45.34,,
60513,,,,,21.61,42.82
61363,20.63,45.14,,,,
61434,,,20.44,45.33,,
61575,,,,,21.64,42.82
62425,20.64,45.13,,,,
62496,,,20.45,45.35,,
62637,,,,,21.58,42.77
63487,20.64,45.12,,,,
63558,,,20.46,45.36,,
63699,,,,,21.61,42.76
64548,20.65,45.13,,,,
64620,,,20.46,45.34,,
64761,,,,,21.64,42.68
65610,20.64,45.1,,,,
65682,,,20.48,45.36,,
65823,,,,,21.65,42.7
66672,20.64,45.06,,,,
66744,,,20.46,45.34,,
66884,,,,,21.65,42.67
67734,20.62,45.06,,,,
67806,,,20.47,45.35,,
67946,,,,,21.65,42.6
68796,20.6,45.08,,,,
68868,,,20.45,45.32,,
69008,,,,,21.71,42.62
69858,20.67,45.06,,,,
69929,,,20.48,45.34,,
70070,,,,,21.7,42.62
70920,20.69,45.08,,,,
70991,,,20.46,45.36,,
71132,,,,,21.73,42.58
71982,20.63,45.11,,,,
72053,,,20.46,45.36,,
72194,,,,,21.7,42.62
73043,20.58,45.09,,,,
73115,,,20.44,45.38,,
73256,,,,,21.68,42.55
74105,20.54,45.14,,,,
74177,,,20.4,45.4,,
74318,,,,,21.72,42.58
75167,20.63,45.21,,,,
75239,,,20.44,45.42,,
75380,,,,,21.77,42.57
76229,20.71,45.24,,,,
76301,,,20.46,45.44,,
76442,,,,,21.78,42.53
77291,20.68,45.19,,,,
77363,,,20.46,45.43,,
77504,,,,,21.81,42.5
78353,20.65,45.16,,,,
78425,,,20.48,45.45,,
78566,,,,,21.88,42.42
79415,20.71,45.14,,,,
79487,,,20.46,45.39,,
79627,,,,,21.83,42.42
80477,20.71,45.12,,,,
80549,,,20.5,45.4,,
80689,,,,,21.81,42.37
81539,20.68,45.1,,,,
81611,,,20.48,45.4,,
81751,,,,,21.86,42.34
82601,20.75,45.09,,,,
82672,,,20.51,45.39,,
82813,,,,,21.86,42.33
83663,20.72,45.08,,,,
83734,,,20.48,45.37,,
83875,,,,,21.86,42.26
84724,20.72,45.04,,,,
84796,,,20.52,45.36,,
84937,,,,,21.93,42.25
85786,20.77,45.01,,,,
85858,,,20.52,45.36,,
85999,,,,,21.88,42.22
86848,20.75,44.99,,,,
86920,,,20.51,45.36,,
87061,,,,,21.92,42.16
87910,20.82,44.98,,,,
87982,,,20.53,45.32,,
88122,,,,,21.97,42.16
88972,20.85,44.97,,,,
89044,,,20.54,45.32,,
89184,,,,,22.01,42.11
90034,20.86,44.87,,,,
90106,,,20.57,45.3,,
90246,,,,,22.02,42.09
91096,20.83,44.82,,,,
91168,,,20.56,45.29,,
91308,,,,,21.97,42.03
92158,20.8,44.87,,,,
92230,,,20.56,45.27,,
92370,,,,,21.96,42.04
93220,20.79,44.85,,,,
93292,,,20.55,45.29,,
93432,,,,,21.95,42.0
94282,20.78,44.88,,,,
94353,,,20.57,45.27,,
94494,,,,,21.97,42.0
95343,20.81,44.85,,,,
95415,,,20.56,45.25,,
95555,,,,,22.01,42.03
96405,20.85,44.84,,,,
96477,,,20.57,45.28,,
96617,,,,,21.98,42.02
97467,20.86,44.82,,,,
97539,,,20.57,45.23,,
97679,,,,,22.01,42.01
98529,20.93,44.79,,,,
98601,,,20.58,45.26,,
98741,,,,,22.02,41.95
99591,20.84,44.78,,,,
99663,,,20.6,45.21,,
99803,,,,,22.0,41.93
100653,20.84,44.76,,,,
100725,,,20.62,45.2,,
100865,,,,,22.07,41.91
101715,20.84,44.73,,,,
101786,,,20.62,45.2,,
101927,,,,,22.03,41.91
102776,20.88,44.76,,,,
102848,,,20.6,45.16,,
102989,,,,,22.03,41.86
103838,20.88,44.73,,,,
103910,,,20.59,45.16,,
104051,,,,,22.07,41.85
104900,20.82,44.71,,,,
104972,,,20.6,45.18,,
105113,,,,,22.09,41.84
105962,20.83,44.73,,,,
106034,,,20.58,45.17,,
106175,,,,,22.1,41.85
107023,20.83,44.78,,,,
107096,,,20.59,45.2,,
107236,,,,,22.13,41.86
108085,20.83,44.79,,,,
108157,,,20.59,45.21,,
108298,,,,,22.15,41.82
109147,20.9,44.84,,,,
109219,,,20.6,45.21,,
109360,,,,,22.18,41.73
110209,20.93,44.77,,,,
110281,,,20.6,45.16,,
110422,,,,,22.11,41.72
111271,20.89,44.71,,,,
111343,,,20.59,45.14,,
111484,,,,,22.18,41.68
112333,20.97,44.67,,,,
112405,,,20.62,45.15,,
112546,,,,,22.16,41.67
113394,20.94,44.66,,,,
113467,,,20.61,45.13,,
113607,,,,,22.16,41.65
114457,20.9,44.61,,,,
114528,,,20.62,45.13,,
114669,,,,,22.13,41.63
115518,20.93,44.6,,,,
115590,,,20.59,45.13,,
115731,,,,,22.12,41.6
116580,20.94,44.6,,,,
116652,,,20.63,45.11,,
116793,,,,,22.15,41.63
117642,20.87,44.57,,,,
117714,,,20.64,45.05,,
117855,,,,,22.16,41.59
118704,20.94,44.59,,,,
118776,,,20.66,45.07,,
118916,,,,,22.19,41.61
119766,20.95,44.6,,,,
119838,,,20.65,45.08,,
119978,,,,,22.21,41.59
120828,21.0,44.58,,,,
120899,,,20.65,45.04,,
121040,,,,,22.16,41.53
121889,21.04,44.55,,,,
121961,,,20.65,45.06,,
122102,,,,,22.16,41.54
122951,21.05,44.54,,,,
123023,,,20.65,45.06,,
123164,,,,,22.2,41.58
124013,21.05,44.49,,,,
124085,,,20.66,45.04,,
124226,,,,,22.19,41.54
125075,21.09,44.45,,,,
125147,,,20.67,45.04,,
125288,,,,,22.19,41.58
126137,21.03,44.41,,,,
126209,,,20.68,45.03,,
126349,,,,,22.21,41.51
127199,20.98,44.43,,,,
127271,,,20.66,45.06,,
127411,,,,,22.24,41.55
128261,21.03,44.44,,,,
128333,,,20.69,45.04,,
128473,,,,,22.28,41.55
129323,21.1,44.43,,,,
129395,,,20.7,45.03,,
129535,,,,,22.29,41.55
130384,21.06,44.42,,,,
130457,,,20.69,45.04,,
130597,,,,,22.33,41.52
131447,21.1,44.42,,,,
131519,,,20.73,45.03,,
131659,,,,,22.29,41.48
132509,21.07,44.38,,,,
132581,,,20.74,45.03,,
132720,,,,,22.28,41.47
133571,21.03,44.37,,,,
133642,,,20.72,45.01,,
133782,,,,,22.31,41.46
134632,21.06,44.34,,,,
134704,,,20.71,45.04,,
134844,,,,,22.34,41.42
135694,21.11,44.39,,,,
135766,,,20.73,45.0,,
135906,,,,,22.35,41.41
136756,21.05,44.37,,,,
136828,,,20.75,44.95,,
136968,,,,,22.31,41.36
137818,21.1,44.32,,,,
137890,,,20.77,44.97,,
138030,,,,,22.32,41.33
138880,21.09,44.31,,,,
138952,,,20.75,44.93,,
139092,,,,,22.35,41.32
139941,21.1,44.28,,,,
140014,,,20.73,44.86,,
140154,,,,,22.27,41.31
141003,21.09,44.26,,,,
141076,,,20.74,44.89,,
141215,,,,,22.27,41.3
142065,21.08,44.26,,,,
142138,,,20.74,44.89,,
142277,,,,,22.3,41.33
143127,21.1,44.23,,,,
143200,,,20.7,44.81,,
143339,,,,,22.34,41.27
144189,21.14,44.19,,,,
144262,,,20.72,44.84,,
144401,,,,,22.31,41.29
145250,21.15,44.18,,,,
145324,,,20.72,44.89,,
145463,,,,,22.36,41.29
146312,21.1,44.11,,,,
146386,,,20.71,44.88,,
146525,,,,,22.34,41.23
147374,21.1,44.11,,,,
147447,,,20.7,44.86,,
147587,,,,,22.34,41.25
148436,21.0,44.12,,,,
148509,,,20.71,44.85,,
148649,,,,,22.33,41.2
149498,21.04,44.18,,,,
149571,,,20.66,44.88,,
149711,,,,,22.32,41.22
150560,20.98,44.2,,,,
150633,,,20.67,44.88,,
150773,,,,,22.31,41.24
151621,21.0,44.22,,,,
151695,,,20.67,44.89,,
151834,,,,,22.35,41.23
152685,21.03,44.23,,,,
152757,,,20.67,44.92,,
152896,,,,,22.33,41.19
153747,20.98,44.25,,,,
153818,,,20.64,44.96,,
153958,,,,,22.31,41.2
154809,20.84,44.4,,,,
154880,,,20.63,45.22,,
155020,,,,,22.2,41.5
155871,20.92,45.68,,,,
155942,,,20.65,46.62,,
156082,,,,,22.28,42.58
156933,20.97,45.91,,,,
157005,,,20.65,46.71,,
157144,,,,,22.26,42.62
157995,20.96,45.65,,,,
158066,,,20.64,46.41,,
158206,,,,,22.25,42.29
159057,20.95,45.39,,,,
159128,,,20.68,46.09,,
159267,,,,,22.3,42.08
160119,20.95,45.2,,,,
160190,,,20.66,45.87,,
160329,,,,,22.33,41.88
161181,21.04,45.0,,,,
161252,,,20.65,45.63,,
161391,,,,,22.34,41.7
162243,21.0,44.89,,,,
162314,,,20.67,45.52,,
162453,,,,,22.37,41.57
163305,21.09,44.7,,,,
163376,,,20.69,45.36,,
163515,,,,,22.39,41.49
164367,21.09,44.6,,,,
164438,,,20.7,45.23,,
164577,,,,,22.36,41.36
165429,21.09,44.45,,,,
165500,,,20.7,45.19,,
165639,,,,,22.4,41.28
166491,21.04,44.34,,,,
166561,,,20.7,45.07,,
166700,,,,,22.37,41.2
167552,21.02,44.31,,,,
167623,,,20.67,45.06,,
167762,,,,,22.4,41.16
168614,21.03,44.3,,,,
168685,,,20.71,44.96,,
168824,,,,,22.38,41.12
169676,21.03,44.29,,,,
169747,,,20.71,45.0,,
169886,,,,,22.39,41.11
170738,21.01,44.34,,,,
170809,,,20.71,44.93,,
170948,,,,,22.39,41.1
171800,21.03,44.3,,,,
171871,,,20.72,44.91,,
172009,,,,,22.42,41.11
172862,20.99,44.32,,,,
172933,,,20.72,44.95,,
173071,,,,,22.46,41.11
173924,20.99,44.35,,,,
173995,,,20.68,44.93,,
174133,,,,,22.47,41.06
174986,20.99,44.33,,,,
175057,,,20.71,44.9,,
175195,,,,,22.46,41.07
176047,20.98,44.37,,,,
176118,,,20.7,44.89,,
176257,,,,,22.48,41.02
177109,21.06,44.37,,,,
177180,,,20.69,44.93,,
177319,,,,,22.47,40.97
178171,21.05,44.34,,,,
178243,,,20.72,44.92,,
178380,,,,,22.48,40.97
179233,20.95,44.35,,,,
179305,,,20.73,44.85,,
179442,,,,,22.49,40.98
180295,20.97,44.36,,,,
180367,,,20.73,44.89,,
180504,,,,,22.44,40.9
181356,20.97,44.37,,,,
181429,,,20.71,44.84,,
181566,,,,,22.44,40.95
182418,21.02,44.36,,,,
182492,,,20.71,44.82,,
182628,,,,,22.47,40.94
183480,20.9,44.33,,,,
183553,,,20.71,44.84,,
183690,,,,,22.52,40.92
184542,20.93,44.4,,,,
184616,,,20.69,44.85,,
184752,,,,,22.53,40.89
185604,20.87,44.43,,,,
185678,,,20.71,44.86,,
185814,,,,,22.5,40.88
186666,20.96,44.44,,,,
186740,,,20.68,44.86,,
186876,,,,,22.42,40.86
187728,20.9,44.51,,,,
187802,,,20.66,44.91,,
187938,,,,,22.47,40.87
188790,20.94,44.46,,,,
188863,,,20.65,44.91,,
189000,,,,,22.46,40.89
189852,20.86,44.47,,,,
189926,,,20.63,44.91,,
190062,,,,,22.43,40.9
190914,20.85,44.49,,,,
190987,,,20.62,44.95,,
191123,,,,,22.44,40.88
191975,20.91,44.57,,,,
192049,,,20.61,44.97,,
192185,,,,,22.43,40.9
193037,20.9,44.57,,,,
193111,,,20.59,45.01,,
193247,,,,,22.42,40.9
194099,20.9,44.56,,,,
194173,,,20.59,44.99,,
194309,,,,,22.43,40.95
195161,20.89,44.56,,,,
195235,,,20.57,45.02,,
195371,,,,,22.42,40.93
196223,20.89,44.52,,,,
196297,,,20.59,45.06,,
196432,,,,,22.46,40.94
197285,20.93,44.51,,,,
197359,,,20.57,45.05,,
197494,,,,,22.45,40.92
198346,20.96,44.47,,,,
198421,,,20.6,45.05,,
198556,,,,,22.45,40.86
199408,20.87,44.49,,,,
199483,,,20.58,45.04,,
199618,,,,,22.4,40.83
200470,20.9,44.5,,,,
200545,,,20.57,45.06,,
200680,,,,,22.4,40.87
201532,20.88,44.47,,,,
201607,,,20.55,45.04,,
201742,,,,,22.45,40.85
202594,20.89,44.47,,,,
202669,,,20.57,45.06,,
202804,,,,,22.45,40.85
203656,20.9,44.51,,,,
203731,,,20.57,45.09,,
203866,,,,,22.45,40.86
204718,20.91,44.53,,,,
204793,,,20.57,45.09,,
204928,,,,,22.42,40.87
205780,20.95,44.5,,,,
205855,,,20.56,45.09,,
205990,,,,,22.42,40.88
206842,20.93,44.49,,,,
206917,,,20.54,45.13,,
207053,,,,,22.4,40.85
207904,20.99,44.48,,,,
207979,,,20.56,45.12,,
208114,,,,,22.48,40.86
208966,20.99,44.45,,,,
209040,,,20.59,45.15,,
209176,,,,,22.49,40.91
210028,21.01,44.43,,,,
210103,,,20.63,45.2,,
210238,,,,,22.43,40.89
211090,20.98,44.4,,,,
211165,,,20.67,45.18,,
211300,,,,,22.48,40.88
212153,21.05,44.39,,,,
212227,,,20.7,45.14,,
212362,,,,,22.53,40.87
213214,20.99,44.41,,,,
213289,,,20.74,45.1,,
213424,,,,,22.53,40.95
214276,21.01,44.47,,,,
214351,,,20.79,45.09,,
214486,,,,,22.53,40.99
215338,21.13,44.46,,,,
215413,,,20.84,45.01,,
215548,,,,,22.52,40.93
216400,21.13,44.38,,,,
216475,,,20.86,44.93,,
216610,,,,,22.53,40.86
217462,21.1,44.29,,,,
217537,,,20.87,44.78,,
217672,,,,,22.52,40.83
218524,21.1,44.26,,,,
218599,,,20.89,44.71,,
218734,,,,,22.55,40.82
219586,21.1,44.2,,,,
219661,,,20.84,44.6,,
219796,,,,,22.55,40.78
220648,21.15,44.09,,,,
220723,,,20.89,44.54,,
220858,,,,,22.58,40.7
221711,21.2,44.07,,,,
221785,,,20.9,44.5,,
221920,,,,,22.52,40.64
222774,21.11,43.96,,,,
222847,,,20.87,44.45,,
222983,,,,,22.53,40.63
223836,20.96,43.93,,,,
223909,,,20.83,44.4,,
224045,,,,,22.5,40.59
224898,20.98,43.97,,,,
224971,,,20.82,44.39,,
225107,,,,,22.51,40.58
225959,20.95,43.98,,,,
226033,,,20.84,44.37,,
226170,,,,,22.52,40.6
227021,20.98,43.98,,,,
227095,,,20.81,44.35,,
227232,,,,,22.49,40.6
228083,21.04,44.05,,,,
228157,,,20.79,44.36,,
228293,,,,,22.52,40.64
229145,21.06,44.09,,,,
229219,,,20.83,44.31,,
229356,,,,,22.56,40.56
230207,21.09,44.0,,,,
230281,,,20.82,44.34,,
230418,,,,,22.56,40.57
231269,21.11,43.98,,,,
231343,,,20.8,44.34,,
231480,,,,,22.52,40.54
232331,21.11,43.95,,,,
232405,,,20.78,44.33,,
232542,,,,,22.49,40.54
233393,21.07,43.9,,,,
233467,,,20.8,44.34,,
233604,,,,,22.48,40.55
234454,20.99,43.91,,,,
234529,,,20.78,44.35,,
234666,,,,,22.48,40.5
235517,21.05,43.92,,,,
235591,,,20.8,44.32,,
235728,,,,,22.53,40.56
236578,21.08,43.93,,,,
236652,,,20.8,44.33,,
236790,,,,,22.54,40.55
237640,21.14,43.88,,,,
237715,,,20.8,44.29,,
237852,,,,,22.54,40.53
238702,21.12,43.83,,,,
238777,,,20.78,44.31,,
238914,,,,,22.51,40.49
239764,21.14,43.79,,,,
239839,,,20.81,44.29,,
239976,,,,,22.54,40.46
240826,21.11,43.78,,,,
240901,,,20.8,44.29,,
241038,,,,,22.54,40.44
241888,21.15,43.72,,,,
241963,,,20.78,44.25,,
242100,,,,,22.51,40.42
242950,21.16,43.66,,,,
243025,,,20.82,44.26,,
243162,,,,,22.55,40.42
244012,21.18,43.64,,,,
244087,,,20.84,44.21,,
244224,,,,,22.55,40.44
245073,21.2,43.62,,,,
245149,,,20.85,44.25,,
245286,,,,,22.56,40.39
246135,21.17,43.59,,,,
246211,,,20.84,44.2,,
246348,,,,,22.54,40.38
247197,21.1,43.55,,,,
247273,,,20.81,44.18,,
247410,,,,,22.51,40.37
248260,21.09,43.56,,,,
248335,,,20.82,44.17,,
248473,,,,,22.55,40.36
249321,20.99,43.58,,,,
249397,,,20.82,44.14,,
249535,,,,,22.57,40.33
250383,20.93,43.59,,,,
250459,,,20.83,44.14,,
250597,,,,,22.62,40.29
251445,20.89,43.68,,,,
251521,,,20.8,44.1,,
251659,,,,,22.58,40.23
252507,20.89,43.73,,,,
252583,,,20.83,44.06,,
252721,,,,,22.54,40.2
253569,20.8,43.8,,,,
253645,,,20.85,44.06,,
253782,,,,,22.48,40.17
254631,20.78,43.84,,,,
254707,,,20.83,44.03,,
254844,,,,,22.43,40.21
255693,20.71,43.92,,,,
255769,,,20.78,43.98,,
255906,,,,,22.3,40.26
256755,20.71,44.0,,,,
256831,,,20.76,44.0,,
256969,,,,,22.23,40.34
257817,20.64,44.08,,,,
257894,,,20.75,43.99,,
258031,,,,,22.19,40.39
258879,20.66,44.18,,,,
258956,,,20.74,44.0,,
259093,,,,,22.17,40.51
259941,20.74,44.34,,,,
260018,,,20.78,44.06,,
260155,,,,,22.17,40.65
261003,20.8,44.35,,,,
261080,,,20.78,44.1,,
261217,,,,,22.2,40.72
262065,20.72,44.34,,,,
262142,,,20.81,44.08,,
262279,,,,,22.21,40.81
263127,20.68,44.33,,,,
263204,,,20.8,44.04,,
263341,,,,,22.18,40.78
264189,20.68,44.29,,,,
264266,,,20.8,44.01,,
264403,,,,,22.14,40.8
265251,20.7,44.34,,,,
265328,,,20.79,43.97,,
265465,,,,,22.1,40.78
266312,20.67,44.34,,,,
266390,,,20.8,43.99,,
266527,,,,,22.05,40.83
267374,20.66,44.31,,,,
267452,,,20.78,43.95,,
267589,,,,,22.06,40.85
268436,20.63,44.35,,,,
268513,,,20.76,43.93,,
268650,,,,,22.03,40.96
269498,20.58,44.35,,,,
269575,,,20.77,43.96,,
269713,,,,,21.99,40.94
270560,20.56,44.42,,,,
270637,,,20.73,43.92,,
270774,,,,,21.94,40.96
271622,20.57,44.45,,,,
271699,,,20.75,43.94,,
271836,,,,,21.93,41.06
272684,20.54,44.45,,,,
272761,,,20.74,43.98,,
272898,,,,,21.88,41.1
273745,20.6,44.52,,,,
273823,,,20.75,43.98,,
273960,,,,,21.91,41.13
274807,20.62,44.49,,,,
274885,,,20.76,43.95,,
275023,,,,,21.91,41.22
275869,20.61,44.51,,,,
275947,,,20.74,43.98,,
276085,,,,,21.93,41.22
276931,20.55,44.51,,,,
277009,,,20.75,43.95,,
277147,,,,,21.87,41.3
277993,20.52,44.52,,,,
278071,,,20.74,43.97,,
278209,,,,,21.83,41.28
279054,20.5,44.59,,,,
279133,,,20.71,43.99,,
279271,,,,,21.79,41.35
280117,20.48,44.65,,,,
280195,,,20.71,44.04,,
280333,,,,,21.74,41.4
281179,20.47,44.67,,,,
281257,,,20.67,44.02,,
281395,,,,,21.73,41.47
282241,20.45,44.72,,,,
282319,,,20.67,44.04,,
282457,,,,,21.71,41.53
283303,20.45,44.83,,,,
283381,,,20.65,44.12,,
283518,,,,,21.66,41.6
284364,20.44,44.85,,,,
284442,,,20.63,44.18,,
284581,,,,,21.69,41.72
285426,20.43,44.93,,,,
285504,,,20.62,44.23,,
285642,,,,,21.67,41.75
286488,20.48,44.97,,,,
286566,,,20.63,44.21,,
286704,,,,,21.68,41.84
287550,20.44,44.93,,,,
287628,,,20.65,44.25,,
287766,,,,,21.67,41.85
288612,20.46,44.98,,,,
288690,,,20.62,44.27,,
288828,,,,,21.66,41.95
289674,20.4,45.0,,,,
289752,,,20.62,44.29,,
289890,,,,,21.63,41.96
290737,20.42,45.05,,,,
290814,,,20.61,44.33,,
290952,,,,,21.59,41.96
291799,20.36,45.08,,,,
291876,,,20.6,44.38,,
292014,,,,,21.59,42.02
292861,20.34,45.09,,,,
292938,,,20.56,44.41,,
293075,,,,,21.55,42.05
293923,20.32,45.13,,,,
293999,,,20.55,44.41,,
294137,,,,,21.49,42.08
294984,20.29,45.2,,,,
295061,,,20.54,44.45,,
295199,,,,,21.49,42.16
296046,20.36,45.19,,,,
296124,,,20.57,44.53,,
296262,,,,,21.48,42.2
297109,20.36,45.24,,,,
297186,,,20.55,44.53,,
297323,,,,,21.49,42.25
298171,20.35,45.23,,,,
298248,,,20.57,44.55,,
298385,,,,,21.49,42.28
299232,20.37,45.24,,,,
299310,,,20.57,44.51,,
299448,,,,,21.5,42.27
300294,20.36,45.24,,,,
300372,,,20.6,44.53,,
300510,,,,,21.47,42.28
301356,20.33,45.24,,,,
301434,,,20.59,44.52,,
301572,,,,,21.45,42.3
302418,20.32,45.22,,,,
302496,,,20.58,44.49,,
302634,,,,,21.45,42.37
303480,20.32,45.18,,,,
303558,,,20.54,44.53,,
303695,,,,,21.41,42.37
304542,20.35,45.26,,,,
304620,,,20.55,44.48,,
304757,,,,,21.37,42.37
305603,20.31,45.27,,,,
305682,,,20.51,44.49,,
305819,,,,,21.4,42.39
306665,20.27,45.23,,,,
306744,,,20.54,44.46,,
306881,,,,,21.38,42.44
307728,20.25,45.31,,,,
307806,,,20.52,44.47,,
307943,,,,,21.38,42.49
308789,20.21,45.33,,,,
308868,,,20.5,44.51,,
309005,,,,,21.34,42.47
309851,20.23,45.39,,,,
309931,,,20.49,44.52,,
310067,,,,,21.36,42.51
310913,20.19,45.4,,,,
310993,,,20.47,44.56,,
311129,,,,,21.3,42.52
311976,20.21,45.42,,,,
312055,,,20.48,44.58,,
312191,,,,,21.31,42.55
313037,20.22,45.43,,,,
313117,,,20.46,44.56,,
313253,,,,,21.32,42.59
314100,20.2,45.41,,,,
314179,,,20.46,44.56,,
314315,,,,,21.29,42.57
315162,20.21,45.4,,,,
315241,,,20.45,44.59,,
315376,,,,,21.26,42.58
316224,20.22,45.44,,,,
316303,,,20.44,44.6,,
316438,,,,,21.25,42.6
317286,20.25,45.4,,,,
317365,,,20.43,44.59,,
317501,,,,,21.24,42.65
318348,20.22,45.4,,,,
318427,,,20.45,44.6,,
318563,,,,,21.25,42.65
319411,20.22,45.4,,,,
319489,,,20.45,44.57,,
319625,,,,,21.24,42.67
320472,20.2,45.35,,,,
320551,,,20.44,44.65,,
320687,,,,,21.25,42.65
321534,20.19,45.34,,,,
321612,,,20.45,44.58,,
321749,,,,,21.24,42.65
322596,20.25,45.35,,,,
322675,,,20.44,44.57,,
322811,,,,,21.25,42.68
323658,20.23,45.35,,,,
323737,,,20.46,44.52,,
323873,,,,,21.25,42.64
324721,20.17,45.29,,,,
324799,,,20.42,44.54,,
324936,,,,,21.28,42.66
325782,20.17,45.29,,,,
325861,,,20.39,44.52,,
325998,,,,,21.24,42.64
326845,20.13,45.31,,,,
326923,,,20.41,44.52,,
327059,,,,,21.24,42.59
327907,20.21,45.32,,,,
327985,,,20.39,44.52,,
328121,,,,,21.27,42.63
328968,20.21,45.32,,,,
329047,,,20.42,44.52,,
329183,,,,,21.25,42.59
330030,20.24,45.29,,,,
330109,,,20.45,44.52,,
330246,,,,,21.28,42.59
331093,20.2,45.25,,,,
331171,,,20.44,44.52,,
331308,,,,,21.29,42.56
332155,20.16,45.28,,,,
332233,,,20.43,44.51,,
332370,,,,,21.29,42.59
333217,20.19,45.33,,,,
333295,,,20.42,44.51,,
333432,,,,,21.35,42.6
334279,20.23,45.33,,,,
334357,,,20.46,44.57,,
334494,,,,,21.35,42.58
335340,20.19,45.33,,,,
335419,,,20.43,44.57,,
335556,,,,,21.32,42.55
336402,20.15,45.35,,,,
336481,,,20.4,44.6,,
336618,,,,,21.28,42.53
337464,20.13,45.39,,,,
337543,,,20.39,44.63,,
337680,,,,,21.27,42.54
338526,20.12,45.42,,,,
338605,,,20.39,44.68,,
338742,,,,,21.28,42.63
339588,20.14,45.45,,,,
339667,,,20.37,44.69,,
339804,,,,,21.26,42.63
340650,20.13,45.54,,,,
340729,,,20.41,44.72,,
340866,,,,,21.26,42.65
341712,20.12,45.55,,,,
341791,,,20.36,44.76,,
341928,,,,,21.25,42.66
342774,20.11,45.55,,,,
342853,,,20.36,44.74,,
342990,,,,,21.23,42.7
343836,20.09,45.6,,,,
343915,,,20.32,44.8,,
344052,,,,,21.18,42.71
344899,20.08,45.66,,,,
344977,,,20.32,44.81,,
345114,,,,,21.19,42.79
345961,20.1,45.68,,,,
346039,,,20.32,44.84,,
346176,,,,,21.17,42.83
347023,20.07,45.68,,,,
347101,,,20.28,44.87,,
347238,,,,,21.13,42.84
348085,20.06,45.72,,,,
348163,,,20.27,44.93,,
348300,,,,,21.11,42.89
349146,20.04,45.76,,,,
349225,,,20.27,45.0,,
349362,,,,,21.09,42.96
350208,20.04,45.82,,,,
350287,,,20.28,45.01,,
350424,,,,,21.1,43.0
351270,20.05,45.85,,,,
351349,,,20.28,45.05,,
351485,,,,,21.06,43.03
352332,20.05,45.88,,,,
352411,,,20.27,45.07,,
352547,,,,,21.07,43.13
353394,20.03,45.92,,,,
353473,,,20.25,45.09,,
353609,,,,,21.05,43.17
354456,20.03,45.94,,,,
354535,,,20.25,45.12,,
354672,,,,,21.03,43.21
355518,20.02,45.95,,,,
355596,,,20.25,45.16,,
355733,,,,,20.99,43.22
356581,20.04,45.99,,,,
356659,,,20.28,45.14,,
356796,,,,,21.02,43.28
357642,20.09,45.95,,,,
357720,,,20.29,45.18,,
357858,,,,,21.01,43.35
358705,20.1,46.0,,,,
358782,,,20.31,45.2,,
358920,,,,,20.99,43.37
359766,20.1,45.94,,,,
359844,,,20.31,45.2,,
359982,,,,,21.0,43.38
360828,20.05,45.92,,,,
360906,,,20.31,45.15,,
361044,,,,,21.0,43.39
361890,20.09,45.91,,,,
361968,,,20.31,45.18,,
362106,,,,,21.02,43.4
362952,20.09,45.92,,,,
363030,,,20.36,45.17,,
363168,,,,,20.99,43.43
364014,20.07,45.91,,,,
364091,,,20.3,45.11,,
364230,,,,,20.99,43.41
365076,20.09,45.93,,,,
365153,,,20.32,45.1,,
365292,,,,,20.97,43.42
366138,20.06,45.9,,,,
366215,,,20.28,45.12,,
366354,,,,,20.94,43.42
367200,20.1,45.92,,,,
367277,,,20.33,45.11,,
367416,,,,,20.96,43.51
368262,20.13,45.94,,,,
368339,,,20.35,45.15,,
368478,,,,,20.98,43.5
369324,20.11,45.93,,,,
369401,,,20.33,45.11,,
369540,,,,,21.01,43.49
370387,20.17,45.91,,,,
370463,,,20.35,45.12,,
370602,,,,,21.01,43.51
371448,20.15,45.89,,,,
371525,,,20.36,45.08,,
371665,,,,,21.02,43.52
372510,20.13,45.89,,,,
372587,,,20.35,45.15,,
372726,,,,,21.03,43.5
373572,20.14,45.86,,,,
373649,,,20.38,45.09,,
373788,,,,,21.01,43.56
374634,20.12,45.87,,,,
374711,,,20.4,45.1,,
374850,,,,,20.97,43.52
375696,20.13,45.86,,,,
375773,,,20.39,45.08,,
375912,,,,,20.95,43.55
376758,20.1,45.91,,,,
376834,,,20.38,45.09,,
376974,,,,,20.95,43.56
377820,20.06,45.92,,,,
377896,,,20.35,45.05,,
378036,,,,,20.94,43.63
378881,20.08,45.92,,,,
378958,,,20.36,45.06,,
379098,,,,,20.94,43.65
379943,20.04,45.93,,,,
380021,,,20.32,45.05,,
380160,,,,,20.93,43.61
381005,20.04,45.94,,,,
381083,,,20.31,45.02,,
381222,,,,,20.92,43.62
382067,20.04,45.98,,,,
382145,,,20.31,45.08,,
382284,,,,,20.91,43.61
383130,20.04,45.98,,,,
383207,,,20.31,45.1,,
383346,,,,,20.94,43.64
384192,20.09,46.01,,,,
384269,,,20.31,45.11,,
384408,,,,,20.97,43.63
385254,20.11,45.99,,,,
385331,,,20.33,45.13,,
385470,,,,,20.99,43.61
386316,20.12,45.99,,,,
386393,,,20.34,45.15,,
386532,,,,,20.98,43.61
387378,20.15,45.98,,,,
387455,,,20.37,45.13,,
387595,,,,,21.01,43.58
388440,20.11,45.96,,,,
388517,,,20.35,45.13,,
388657,,,,,20.98,43.6
389502,20.11,45.94,,,,
389579,,,20.36,45.11,,
389719,,,,,20.98,43.58
390564,20.09,45.9,,,,
390641,,,20.36,45.06,,
390781,,,,,20.98,43.57
391626,20.09,45.91,,,,
391703,,,20.35,45.09,,
391843,,,,,20.99,43.56
392688,20.1,45.9,,,,
392765,,,20.37,45.09,,
392904,,,,,20.98,43.56
393750,20.11,45.9,,,,
393827,,,20.37,45.07,,
393966,,,,,21.01,43.55
394813,20.21,45.9,,,,
394889,,,20.37,45.03,,
395029,,,,,21.03,43.55
395875,20.23,45.89,,,,
395951,,,20.42,45.06,,
396091,,,,,20.99,43.53
396937,20.14,45.81,,,,
397013,,,20.41,45.02,,
397152,,,,,20.96,43.53
397998,20.12,45.83,,,,
398074,,,20.39,44.99,,
398214,,,,,20.94,43.57
399061,20.07,45.85,,,,
399137,,,20.36,44.99,,
399277,,,,,20.93,43.6
400123,20.09,45.87,,,,
400199,,,20.38,45.01,,
400339,,,,,20.91,43.6
401185,20.05,45.88,,,,
401261,,,20.33,45.0,,
401401,,,,,20.9,43.61
402248,20.05,45.93,,,,
402323,,,20.35,45.03,,
402463,,,,,20.9,43.64
403309,20.03,45.95,,,,
403385,,,20.33,45.07,,
403525,,,,,20.87,43.66
404371,20.03,45.98,,,,
404448,,,20.34,45.05,,
404587,,,,,20.87,43.68
405433,20.05,46.05,,,,
405509,,,20.33,45.11,,
405649,,,,,20.9,43.77
406495,20.01,46.06,,,,
406572,,,20.31,45.12,,
406711,,,,,20.93,43.75
407557,20.01,46.15,,,,
407634,,,20.31,45.13,,
407773,,,,,20.91,43.8
408619,20.01,46.16,,,,
408696,,,20.3,45.12,,
408835,,,,,20.91,43.77
409680,20.04,46.15,,,,
409758,,,20.32,45.15,,
409897,,,,,20.93,43.77
410742,20.01,46.14,,,,
410820,,,20.32,45.17,,
410960,,,,,20.87,43.77
411805,19.99,46.17,,,,
411882,,,20.33,45.18,,
412021,,,,,20.87,43.82
412866,20.01,46.22,,,,
412943,,,20.32,45.22,,
413083,,,,,20.83,43.83
413929,20.0,46.23,,,,
414006,,,20.32,45.24,,
414145,,,,,20.83,43.85
414991,20.03,46.22,,,,
415067,,,20.35,45.26,,
415207,,,,,20.88,43.89
416053,20.03,46.21,,,,
416130,,,20.32,45.2,,
416269,,,,,20.9,43.89
417115,20.08,46.24,,,,
417192,,,20.35,45.26,,
417331,,,,,20.9,43.94
418178,20.04,46.24,,,,
418255,,,20.33,45.23,,
418393,,,,,20.91,43.92
419240,20.07,46.22,,,,
419317,,,20.34,45.24,,
419455,,,,,20.93,43.91
420302,20.06,46.18,,,,
420379,,,20.35,45.23,,
420517,,,,,20.91,43.89
421364,20.06,46.16,,,,
421441,,,20.35,45.26,,
421579,,,,,20.93,43.86
422426,20.05,46.16,,,,
422503,,,20.35,45.22,,
422642,,,,,20.97,43.85
423488,20.07,46.19,,,,
423565,,,20.33,45.22,,
423704,,,,,20.94,43.84
424551,20.06,46.17,,,,
424627,,,20.33,45.24,,
424766,,,,,20.94,43.82
425613,20.04,46.2,,,,
425689,,,20.33,45.22,,
425827,,,,,20.95,43.81
426675,20.03,46.16,,,,
426751,,,20.34,45.26,,
426889,,,,,20.96,43.81
427737,20.03,46.2,,,,
427813,,,20.33,45.26,,
427951,,,,,20.95,43.75
428799,20.06,46.28,,,,
428875,,,20.32,45.27,,
429013,,,,,20.94,43.78
429861,20.07,46.23,,,,
429937,,,20.32,45.29,,
430075,,,,,20.96,43.78
430923,20.04,46.22,,,,
431000,,,20.32,45.27,,
431137,,,,,20.91,43.77
431985,20.05,46.22,,,,
432061,,,20.31,45.31,,
432199,,,,,20.91,43.82
433047,20.06,46.2,,,,
433124,,,20.33,45.28,,
433262,,,,,20.89,43.78
434109,20.04,46.17,,,,
434186,,,20.32,45.27,,
434324,,,,,20.86,43.8
435171,19.97,46.14,,,,
435248,,,20.31,45.22,,
435387,,,,,20.85,43.79
436233,19.97,46.13,,,,
436310,,,20.3,45.21,,
436449,,,,,20.86,43.83
437295,19.94,46.13,,,,
437373,,,20.28,45.22,,
437511,,,,,20.82,43.82
438358,19.94,46.14,,,,
438435,,,20.27,45.22,,
438574,,,,,20.83,43.8
439420,19.97,46.16,,,,
439497,,,20.26,45.17,,
439636,,,,,20.82,43.81
440482,19.95,46.17,,,,
440559,,,20.27,45.18,,
440698,,,,,20.84,43.81
441544,19.97,46.2,,,,
441621,,,20.25,45.24,,
441760,,,,,20.83,43.84
442606,20.02,46.2,,,,
442683,,,20.27,45.23,,
442822,,,,,20.84,43.82
443668,20.04,46.16,,,,
443745,,,20.27,45.23,,
443884,,,,,20.86,43.89
444730,20.01,46.18,,,,
444807,,,20.3,45.26,,
444946,,,,,20.89,43.88
445792,20.05,46.22,,,,
445869,,,20.3,45.27,,
446008,,,,,20.9,43.88
446855,20.03,46.2,,,,
446931,,,20.3,45.26,,
447070,,,,,20.9,43.89
447916,20.09,46.19,,,,
447993,,,20.31,45.26,,
448132,,,,,20.91,43.86
448979,20.09,46.16,,,,
449055,,,20.3,45.27,,
449194,,,,,20.93,43.86
450041,20.11,46.12,,,,
450117,,,20.32,45.25,,
450256,,,,,20.91,43.81
451103,20.08,46.07,,,,
451179,,,20.32,45.24,,
451318,,,,,20.9,43.79
452164,20.04,46.04,,,,
452242,,,20.34,45.19,,
452380,,,,,20.91,43.79
453226,20.09,46.07,,,,
453304,,,20.34,45.18,,
453442,,,,,20.88,43.81
454289,20.12,46.0,,,,
454366,,,20.34,45.15,,
454504,,,,,20.9,43.75
455350,20.14,46.02,,,,
455428,,,20.34,45.18,,
455566,,,,,20.96,43.78
456412,20.09,45.95,,,,
456490,,,20.32,45.16,,
456628,,,,,20.94,43.74
457474,20.13,45.9,,,,
457552,,,20.32,45.12,,
457690,,,,,20.95,43.7
458536,20.1,45.89,,,,
458615,,,20.29,45.05,,
458752,,,,,20.9,43.66
459598,20.1,45.82,,,,
459676,,,20.33,45.06,,
459814,,,,,20.91,43.63
460660,20.14,45.78,,,,
460738,,,20.34,45.03,,
460877,,,,,20.96,43.63
461722,20.12,45.78,,,,
461800,,,20.35,45.02,,
461938,,,,,21.0,43.58
462784,20.07,45.73,,,,
462863,,,20.32,44.98,,
463001,,,,,21.0,43.54
463846,20.11,45.75,,,,
463925,,,20.31,44.98,,
464063,,,,,21.01,43.49
464908,20.09,45.74,,,,
464987,,,20.3,44.97,,
465125,,,,,20.99,43.45
465970,20.08,45.78,,,,
466049,,,20.27,45.0,,
466187,,,,,20.97,43.45
467032,20.11,45.75,,,,
467110,,,20.28,45.0,,
467249,,,,,20.97,43.44
468094,20.11,45.78,,,,
468172,,,20.3,44.97,,
468311,,,,,20.97,43.43
469156,20.16,45.73,,,,
469235,,,20.28,45.04,,
469374,,,,,20.97,43.4
470219,20.17,45.73,,,,
470297,,,20.31,45.02,,
470436,,,,,20.97,43.41
471281,20.11,45.7,,,,
471360,,,20.33,45.0,,
471498,,,,,20.98,43.38
472344,20.09,45.65,,,,
472422,,,20.32,44.97,,
472560,,,,,20.94,43.39
473406,20.08,45.64,,,,
473484,,,20.3,44.93,,
473622,,,,,20.91,43.37
474467,20.07,45.69,,,,
474546,,,20.29,44.97,,
474684,,,,,20.93,43.38
475529,20.07,45.65,,,,
475608,,,20.28,44.93,,
475746,,,,,20.93,43.41
476592,20.06,45.69,,,,
476669,,,20.28,44.91,,
476808,,,,,20.9,43.38
477653,20.03,45.66,,,,
477731,,,20.27,44.9,,
477870,,,,,20.91,43.38
478716,20.06,45.67,,,,
478793,,,20.26,44.92,,
478932,,,,,20.94,43.38
479778,20.03,45.66,,,,
479855,,,20.26,44.91,,
479994,,,,,20.9,43.4
480840,20.04,45.65,,,,
480917,,,20.23,44.86,,
481056,,,,,20.89,43.34
481902,20.11,45.68,,,,
481979,,,20.28,44.92,,
482118,,,,,20.9,43.39
482965,20.13,45.63,,,,
483041,,,20.31,44.93,,
483180,,,,,20.89,43.38
484026,20.1,45.6,,,,
484103,,,20.29,44.89,,
484242,,,,,20.9,43.37
485089,20.11,45.53,,,,
485165,,,20.3,44.88,,
485305,,,,,20.9,43.35
486151,20.13,45.53,,,,
486228,,,20.31,44.85,,
486367,,,,,20.87,43.42
487213,20.12,45.54,,,,
487291,,,20.31,44.8,,
487429,,,,,20.88,43.37
488275,20.12,45.48,,,,
488352,,,20.33,44.84,,
488491,,,,,20.88,43.38
489337,20.11,45.48,,,,
489415,,,20.32,44.8,,
489553,,,,,20.9,43.41
490399,20.09,45.51,,,,
490477,,,20.32,44.8,,
490615,,,,,20.89,43.39
491461,20.12,45.5,,,,
491539,,,20.31,44.76,,
491677,,,,,20.85,43.41
492523,20.07,45.5,,,,
492601,,,20.32,44.79,,
492739,,,,,20.83,43.41
493585,20.07,45.5,,,,
493662,,,20.29,44.82,,
493801,,,,,20.83,43.43
494647,20.05,45.56,,,,
494724,,,20.25,44.8,,
494863,,,,,20.83,43.47
495709,20.11,45.54,,,,
495786,,,20.27,44.84,,
495925,,,,,20.81,43.46
496771,20.1,45.54,,,,
496848,,,20.28,44.85,,
496987,,,,,20.8,43.52
497833,20.15,45.56,,,,
497910,,,20.3,44.83,,
498049,,,,,20.83,43.55
498895,20.13,45.53,,,,
498972,,,20.32,44.88,,
499111,,,,,20.82,43.49
499957,20.11,45.48,,,,
500034,,,20.29,44.82,,
500173,,,,,20.8,43.53
501019,20.11,45.5,,,,
501096,,,20.31,44.83,,
501235,,,,,20.81,43.59
502081,20.09,45.49,,,,
502158,,,20.27,44.81,,
502297,,,,,20.79,43.55
503143,20.08,45.48,,,,
503220,,,20.31,44.8,,
503359,,,,,20.75,43.58
504205,20.18,45.49,,,,
504282,,,20.3,44.83,,
504421,,,,,20.78,43.61
505267,20.19,45.48,,,,
505344,,,20.33,44.79,,
505483,,,,,20.8,43.64
506329,20.19,45.43,,,,
506406,,,20.35,44.76,,
506545,,,,,20.79,43.64
507391,20.21,45.43,,,,
507469,,,20.37,44.81,,
507607,,,,,20.81,43.6
508453,20.14,45.39,,,,
508530,,,20.36,44.78,,
508669,,,,,20.82,43.65
509514,20.07,45.43,,,,
509592,,,20.35,44.73,,
509731,,,,,20.81,43.66
510576,20.11,45.41,,,,
510654,,,20.33,44.74,,
510793,,,,,20.81,43.62
511638,20.07,45.45,,,,
511716,,,20.32,44.72,,
511855,,,,,20.82,43.63
512700,20.09,45.49,,,,
512778,,,20.31,44.74,,
512917,,,,,20.8,43.65
513763,20.06,45.5,,,,
513840,,,20.3,44.72,,
513980,,,,,20.79,43.6
514824,20.09,45.52,,,,
514902,,,20.3,44.78,,
515043,,,,,20.82,43.64
515886,20.04,45.58,,,,
515964,,,20.31,44.8,,
516105,,,,,20.79,43.64
516948,20.06,45.59,,,,
517026,,,20.31,44.84,,
517167,,,,,20.89,43.65
518010,20.07,45.63,,,,
518088,,,20.28,44.85,,
518229,,,,,20.87,43.64
519072,20.12,45.65,,,,
519150,,,20.32,44.88,,
519291,,,,,20.83,43.55
520134,20.09,45.64,,,,
520212,,,20.32,44.87,,
520353,,,,,20.85,43.57
521196,20.12,45.66,,,,
521274,,,20.33,44.88,,
521415,,,,,20.81,43.61
522258,20.13,45.61,,,,
522336,,,20.34,44.89,,
522477,,,,,20.83,43.61
523321,20.13,45.6,,,,
523398,,,20.33,44.9,,
523539,,,,,20.83,43.63
524383,20.14,45.6,,,,
524460,,,20.38,44.85,,
524602,,,,,20.83,43.63
525444,20.17,45.64,,,,
525523,,,20.41,44.86,,
525664,,,,,20.84,43.65
526506,20.11,45.63,,,,
526584,,,20.38,44.84,,
526726,,,,,20.84,43.66
527569,20.11,45.62,,,,
527646,,,20.37,44.84,,
527788,,,,,20.85,43.65
528630,20.09,45.64,,,,
528708,,,20.33,44.85,,
528850,,,,,20.82,43.69
529692,20.1,45.66,,,,
529770,,,20.35,44.85,,
529912,,,,,20.81,43.7
530756,20.12,45.71,,,,
530833,,,20.35,44.86,,
530975,,,,,20.84,43.72
531819,20.09,45.68,,,,
531897,,,20.33,44.84,,
532036,,,,,20.82,43.72
532882,20.05,45.67,,,,
532959,,,20.3,44.86,,
533099,,,,,20.8,43.71
533945,20.04,45.69,,,,
534022,,,20.3,44.83,,
534162,,,,,20.79,43.71
535006,20.06,45.69,,,,
535085,,,20.32,44.82,,
535225,,,,,20.81,43.68
536069,20.06,45.69,,,,
536148,,,20.3,44.83,,
536288,,,,,20.83,43.69
537132,20.0,45.68,,,,
537211,,,20.29,44.85,,
537350,,,,,20.82,43.69
538194,19.95,45.69,,,,
538274,,,20.26,44.84,,
538413,,,,,20.81,43.63
539258,19.94,45.69,,,,
539337,,,20.23,44.83,,
539476,,,,,20.78,43.64
540321,19.98,45.75,,,,
540399,,,20.23,44.82,,
540539,,,,,20.82,43.64
541384,19.95,45.76,,,,
541462,,,20.23,44.86,,
541601,,,,,20.83,43.62
542447,19.94,45.78,,,,
542525,,,20.21,44.89,,
542664,,,,,20.8,43.63
543509,19.95,45.8,,,,
543587,,,20.21,44.92,,
543726,,,,,20.8,43.61
544572,19.95,45.82,,,,
544650,,,20.22,44.96,,
544789,,,,,20.78,43.63
545634,19.94,45.88,,,,
545713,,,20.19,44.97,,
545851,,,,,20.76,43.67
546697,19.93,45.87,,,,
546775,,,20.23,45.0,,
546915,,,,,20.81,43.68
547760,19.99,45.91,,,,
547837,,,20.24,44.99,,
547976,,,,,20.8,43.64
548822,19.98,45.92,,,,
548900,,,20.25,45.03,,
549039,,,,,20.8,43.68
549886,20.01,45.9,,,,
549963,,,20.24,45.02,,
550101,,,,,20.79,43.7
550949,20.0,45.86,,,,
551028,,,20.24,44.99,,
551163,,,,,20.77,43.66
552011,20.03,45.85,,,,
552091,,,20.26,45.01,,
552226,,,,,20.76,43.66
553073,20.0,45.85,,,,
553153,,,20.25,45.02,,
553289,,,,,20.74,43.7
554135,20.0,45.85,,,,
554215,,,20.25,45.04,,
554350,,,,,20.74,43.69
555197,20.0,45.87,,,,
555277,,,20.25,45.02,,
555412,,,,,20.73,43.74
556259,19.98,45.86,,,,
556339,,,20.25,45.01,,
556474,,,,,20.71,43.75
557321,19.99,45.87,,,,
557401,,,20.25,45.02,,
557536,,,,,20.74,43.8
558383,19.99,45.89,,,,
558463,,,20.26,45.03,,
558598,,,,,20.73,43.79
559445,19.98,45.89,,,,
559524,,,20.23,45.05,,
559660,,,,,20.73,43.84
560507,19.94,45.94,,,,
560586,,,20.2,45.06,,
560722,,,,,20.71,43.86
561569,19.96,45.95,,,,
561648,,,20.21,45.06,,
561784,,,,,20.74,43.87
562631,19.95,45.97,,,,
562710,,,20.22,45.0,,
562845,,,,,20.76,43.88
563692,19.95,45.98,,,,
563772,,,20.21,45.1,,
563907,,,,,20.75,43.85
564755,19.92,45.96,,,,
564834,,,20.19,45.09,,
564969,,,,,20.74,43.88
565816,19.91,46.02,,,,
565896,,,20.19,45.09,,
566031,,,,,20.73,43.84
566878,19.9,46.06,,,,
566957,,,20.16,45.09,,
567093,,,,,20.74,43.86
567941,19.93,46.08,,,,
568019,,,20.17,45.13,,
568155,,,,,20.74,43.89
569003,19.98,46.09,,,,
569081,,,20.2,45.15,,
569217,,,,,20.71,43.86
570065,19.95,46.08,,,,
570143,,,20.18,45.18,,
570279,,,,,20.7,43.87
571127,19.94,46.04,,,,
571205,,,20.19,45.18,,
571341,,,,,20.72,43.89
572189,19.94,46.01,,,,
572267,,,20.2,45.19,,
572403,,,,,20.7,43.9
573250,19.9,46.08,,,,
573329,,,20.19,45.18,,
573465,,,,,20.67,43.92
574312,19.93,46.07,,,,
574390,,,20.19,45.19,,
574527,,,,,20.69,43.87
575374,19.91,46.05,,,,
575452,,,20.16,45.19,,
575589,,,,,20.71,43.88
576436,19.93,46.02,,,,
576514,,,20.16,45.17,,
576651,,,,,20.69,43.88
577498,19.89,46.01,,,,
577576,,,20.15,45.18,,
577713,,,,,20.7,43.89
578560,19.92,45.99,,,,
578638,,,20.15,45.16,,
578774,,,,,20.74,43.84
579622,19.92,45.99,,,,
579700,,,20.16,45.14,,
579836,,,,,20.74,43.79
580684,19.97,45.97,,,,
580762,,,20.16,45.17,,
580898,,,,,20.78,43.83
581746,19.95,45.96,,,,
581824,,,20.18,45.17,,
581960,,,,,20.75,43.79
582808,19.93,45.93,,,,
582885,,,20.17,45.1,,
583022,,,,,20.78,43.76
583869,19.95,45.93,,,,
583947,,,20.2,45.09,,
584084,,,,,20.75,43.72
584931,19.92,45.92,,,,
585009,,,20.19,45.1,,
585145,,,,,20.73,43.7
585993,19.88,45.9,,,,
586071,,,20.18,45.12,,
586207,,,,,20.7,43.72
587055,19.86,45.92,,,,
587133,,,20.17,45.07,,
587269,,,,,20.68,43.71
588117,19.87,45.92,,,,
588195,,,20.13,45.1,,
588331,,,,,20.7,43.76
589178,19.87,45.98,,,,
589256,,,20.13,45.06,,
589393,,,,,20.66,43.76
590240,19.86,45.98,,,,
590318,,,20.13,45.11,,
590455,,,,,20.67,43.78
591302,19.86,45.97,,,,
591380,,,20.11,45.14,,
591516,,,,,20.69,43.82
592364,19.87,46.01,,,,
592442,,,20.09,45.09,,
592578,,,,,20.72,43.78
593425,19.89,46.01,,,,
593504,,,20.08,45.15,,
593640,,,,,20.7,43.77
594487,19.88,46.01,,,,
594566,,,20.11,45.16,,
594702,,,,,20.71,43.77
595550,19.86,46.02,,,,
595628,,,20.11,45.18,,
595764,,,,,20.72,43.78
596611,19.89,46.03,,,,
596689,,,20.11,45.17,,
596826,,,,,20.72,43.78
597674,19.89,46.04,,,,
597751,,,20.11,45.19,,
597888,,,,,20.73,43.75
598735,19.92,45.98,,,,
598813,,,20.14,45.16,,
598949,,,,,20.72,43.72
599797,19.89,45.97,,,,
599875,,,20.14,45.15,,
600011,,,,,20.72,43.68
600859,19.85,45.98,,,,
600937,,,20.13,45.12,,
601073,,,,,20.7,43.7
601921,19.87,45.97,,,,
601999,,,20.15,45.12,,
602135,,,,,20.71,43.67
602983,19.89,45.97,,,,
603061,,,20.15,45.14,,
603197,,,,,20.71,43.69
604045,19.88,46.0,,,,
604123,,,20.11,45.12,,
604259,,,,,20.71,43.68
605106,19.88,45.93,,,,
605185,,,20.11,45.11,,
605321,,,,,20.72,43.73
606168,19.87,45.98,,,,
606247,,,20.12,45.12,,
606383,,,,,20.74,43.71
607230,19.89,45.92,,,,
607309,,,20.13,45.12,,
607446,,,,,20.72,43.65
608292,19.88,45.92,,,,
608371,,,20.11,45.11,,
608508,,,,,20.72,43.68
609354,19.88,45.91,,,,
609433,,,20.14,45.1,,
609569,,,,,20.71,43.62
610416,19.91,45.93,,,,
610495,,,20.15,45.13,,
610631,,,,,20.74,43.65
611477,19.99,45.95,,,,
611556,,,20.15,45.1,,
611693,,,,,20.77,43.66
612539,19.98,45.87,,,,
612618,,,20.17,45.08,,
612755,,,,,20.79,43.66
613601,19.95,45.85,,,,
613680,,,20.2,45.06,,
613817,,,,,20.8,43.65
614663,19.97,45.79,,,,
614742,,,20.22,45.08,,
614879,,,,,20.82,43.59
615725,20.03,45.79,,,,
615804,,,20.22,45.03,,
615941,,,,,20.83,43.57
616787,19.99,45.74,,,,
616866,,,20.19,44.98,,
617002,,,,,20.84,43.52
617849,19.98,45.72,,,,
617928,,,20.21,44.95,,
618064,,,,,20.81,43.52
618911,19.97,45.68,,,,
618990,,,20.22,44.94,,
619126,,,,,20.81,43.49
619973,19.94,45.68,,,,
620052,,,20.18,44.94,,
620188,,,,,20.81,43.49
621035,19.96,45.68,,,,
621113,,,20.17,44.93,,
621250,,,,,20.8,43.47
622096,19.95,45.73,,,,
622175,,,20.18,44.94,,
622312,,,,,20.79,43.47
623158,19.93,45.72,,,,
623237,,,20.17,44.92,,
623374,,,,,20.8,43.46
624220,19.92,45.7,,,,
624299,,,20.19,44.92,,
624435,,,,,20.8,43.43
625282,19.94,45.72,,,,
625361,,,20.19,44.96,,
625497,,,,,20.79,43.45
626344,19.92,45.76,,,,
626423,,,20.19,44.94,,
626559,,,,,20.8,43.5
627406,19.91,45.76,,,,
627484,,,20.17,44.93,,
627621,,,,,20.81,43.47
628468,19.95,45.77,,,,
628546,,,20.17,44.95,,
628683,,,,,20.8,43.46
629529,19.91,45.78,,,,
629608,,,20.17,44.98,,
629745,,,,,20.76,43.48
630591,19.94,45.76,,,,
630670,,,20.18,45.01,,
630806,,,,,20.78,43.51
631653,19.95,45.79,,,,
631733,,,20.18,44.96,,
631868,,,,,20.78,43.5
632715,19.92,45.83,,,,
632794,,,20.17,45.0,,
632930,,,,,20.79,43.47
633777,19.93,45.78,,,,
633856,,,20.15,45.0,,
633992,,,,,20.78,43.5
634838,19.94,45.83,,,,
634918,,,20.16,45.01,,
635054,,,,,20.79,43.49
635900,19.95,45.77,,,,
635980,,,20.19,45.0,,
636116,,,,,20.81,43.49
636963,19.97,45.83,,,,
637042,,,20.15,44.99,,
637178,,,,,20.77,43.47
638024,19.93,45.78,,,,
638104,,,20.16,44.97,,
638240,,,,,20.78,43.51
639086,19.92,45.75,,,,
639166,,,20.16,44.94,,
639302,,,,,20.76,43.51
640148,19.9,45.78,,,,
640227,,,20.15,44.93,,
640364,,,,,20.77,43.5
641210,19.99,45.73,,,,
641289,,,20.18,44.94,,
641425,,,,,20.77,43.44
642272,19.98,45.73,,,,
642351,,,20.19,44.9,,
642487,,,,,20.77,43.43
643334,19.98,45.64,,,,
643413,,,20.2,44.86,,
643549,,,,,20.75,43.38
644396,19.98,45.59,,,,
644475,,,20.21,44.81,,
644611,,,,,20.73,43.41
645457,20.0,45.55,,,,
645537,,,20.21,44.79,,
645673,,,,,20.72,43.37
646519,19.99,45.51,,,,
646599,,,20.19,44.72,,
646735,,,,,20.73,43.38
647581,19.99,45.5,,,,
647661,,,20.22,44.74,,
647797,,,,,20.71,43.43
648643,19.96,45.43,,,,
648722,,,20.21,44.68,,
648858,,,,,20.71,43.36
649705,19.95,45.46,,,,
649784,,,20.18,44.64,,
649920,,,,,20.73,43.41
650767,19.95,45.46,,,,
650846,,,20.19,44.62,,
650982,,,,,20.78,43.37
651829,19.97,45.43,,,,
651908,,,20.21,44.61,,
652044,,,,,20.78,43.36
652891,20.01,45.44,,,,
652970,,,20.19,44.61,,
653106,,,,,20.78,43.33
653952,20.0,45.41,,,,
654032,,,20.18,44.62,,
654168,,,,,20.81,43.33
655014,19.99,45.4,,,,
655094,,,20.21,44.64,,
655230,,,,,20.81,43.3
656076,19.99,45.37,,,,
656155,,,20.19,44.67,,
656292,,,,,20.86,43.27
657138,19.99,45.34,,,,
657217,,,20.17,44.67,,
657354,,,,,20.84,43.2
658200,19.97,45.36,,,,
658279,,,20.21,44.63,,
658416,,,,,20.82,43.2
659261,19.99,45.38,,,,
659341,,,20.2,44.65,,
659478,,,,,20.88,43.22
660323,20.02,45.38,,,,
660403,,,20.22,44.64,,
660539,,,,,20.88,43.17
661385,19.97,45.4,,,,
661465,,,20.21,44.66,,
661601,,,,,20.86,43.14
662447,19.96,45.43,,,,
662527,,,20.2,44.67,,
662663,,,,,20.85,43.11
663509,19.99,45.44,,,,
663589,,,20.18,44.66,,
663725,,,,,20.86,43.11
664570,19.99,45.4,,,,
664651,,,20.18,44.63,,
664786,,,,,20.85,43.11
665632,20.01,45.42,,,,
665713,,,20.19,44.67,,
665848,,,,,20.83,43.12
666694,19.97,45.43,,,,
666775,,,20.19,44.67,,
666910,,,,,20.8,43.11
667757,19.99,45.44,,,,
667837,,,20.18,44.64,,
667973,,,,,20.81,43.11
668819,19.93,45.42,,,,
668899,,,20.2,44.63,,
669035,,,,,20.8,43.12
669881,19.95,45.41,,,,
669961,,,20.2,44.68,,
670097,,,,,20.81,43.15
670943,19.94,45.45,,,,
671023,,,20.18,44.66,,
671158,,,,,20.79,43.19
672005,19.95,45.44,,,,
672085,,,20.19,44.67,,
672220,,,,,20.76,43.16
673066,19.95,45.46,,,,
673147,,,20.16,44.65,,
673282,,,,,20.78,43.17
674128,19.96,45.47,,,,
674209,,,20.15,44.68,,
674344,,,,,20.78,43.23
675190,19.94,45.42,,,,
675271,,,20.15,44.63,,
675406,,,,,20.76,43.24
676252,19.95,45.42,,,,
676332,,,20.17,44.68,,
676468,,,,,20.78,43.18
677314,19.97,45.42,,,,
677394,,,20.18,44.72,,
677530,,,,,20.73,43.24
678376,20.0,45.44,,,,
678456,,,20.19,44.67,,
678592,,,,,20.74,43.23
679438,20.01,45.37,,,,
679518,,,20.22,44.64,,
679654,,,,,20.78,43.22
680499,19.96,45.37,,,,
680580,,,20.22,44.61,,
680716,,,,,20.75,43.22
681561,19.97,45.38,,,,
